Player,Selections
Kareem Abdul-Jabbar*[a],1970–1977; 1979–1989
Kobe Bryant §,1998; 2000–2016
LeBron James^,2005–2020
Tim Duncan†,1998; 2000–2011; 2013; 2015
Kevin Garnett†,1997–1998; 2000–2011; 2013
Shaquille O'Neal*,1993–1998; 2000–2007; 2009
Michael Jordan*,1985–1993; 1996–1998; 2002–2003
Karl Malone*,1988–1998; 2000–2002
Dirk Nowitzki†,2002–2012; 2014–2015; 2019
Jerry West*,1961–1974
Wilt Chamberlain*,1960–1969; 1971–1973
Bob Cousy*,1951–1963
John Havlicek*,1966–1978
Dwyane Wade†,2005–2016; 2019
Larry Bird*,1980–1988; 1990–1992
Elvin Hayes*,1969–1980
Magic Johnson*,1980; 1982–1992
Moses Malone*,1978–1989
Hakeem Olajuwon*[b],1985–1990; 1992–1997
Oscar Robertson*,1961–1972
Bill Russell*,1958–1969
Dolph Schayes*,1951–1962
Isiah Thomas*,1982–1993
Charles Barkley*,1987–1997
Elgin Baylor*,1959–1965; 1967–1970
Chris Bosh†,2006–2016
Julius Erving*,1977–1987
Patrick Ewing*,1986; 1988–1997
Allen Iverson*,2000–2010
Bob Pettit*,1955–1965
Ray Allen*,2000–2002; 2004–2009; 2011
Carmelo Anthony^,2007–2008; 2010–2017
Paul Arizin*,1951–1952; 1955–1962
Clyde Drexler*,1986; 1988–1994; 1996–1997
Kevin Durant^,2010–2019
Hal Greer*,1961–1970
Jason Kidd*,1996; 1998; 2000–2004; 2007–2008; 2010
Chris Paul^,2008–2016; 2020
Paul Pierce†,2002–2006; 2008–2012
David Robinson*,1990–1996; 1998; 2000–2001
John Stockton*,1989–1997; 2000
George Gervin*,1977–1985
Robert Parish*,1981–1987; 1990–1991
Gary Payton*,1994–1998; 2000–2003
Russell Westbrook^,2011–2013; 2015–2020
Lenny Wilkens*,1963–1965; 1967–1971; 1973
Dominique Wilkins*,1986–1994
Rick Barry*,1966–1967; 1973–1978
Vince Carter^,2000–2007
Dave Cowens*,1972–1978; 1980
Dave DeBusschere*,1966–1968; 1970–1974
Alex English*,1982–1989
Larry Foust,1951–1956; 1958–1959
James Harden^,2013–2020
Dwight Howard^,2007–2014
Bob Lanier*,1972–1975; 1977–1979; 1982
Dikembe Mutombo*,1992; 1995–1998; 2000–2002
Steve Nash*,2002–2003; 2005–2008; 2010; 2012
Bill Sharman*,1953–1960
Yao Ming*,2003–2009; 2011
LaMarcus Aldridge^,2012–2016; 2018–2019
Dave Bing*,1968–1969; 1971; 1973–1976
Anthony Davis^,2014–2020
Walt Frazier*,1970–1976
Harry Gallatin*,1951–1957
Grant Hill*,1995–1998; 2000–2001; 2005
Joe Johnson†,2007–2012; 2014
Jerry Lucas*,1964–1969; 1971
Ed Macauley*,1951–1957
Slater Martin*,1953–1959
Tracy McGrady*,2001–2007
Dick McGuire*,1951–1952; 1954–1956; 1958–1959
Kevin McHale*,1984; 1986–1991
Alonzo Mourning*,1994–1997; 2000–2002
Scottie Pippen*,1990; 1992–1997
Willis Reed*,1965–1971
Jack Sikma*,1979–1985
Nate Thurmond*,1965–1968; 1970; 1973–1974
Chet Walker*,1964; 1966–1967; 1970–1971; 1973–1974
Jo Jo White*,1971–1977
James Worthy*,1986–1992
Nate Archibald*,1973; 1975–1976; 1980–1982
Larry Costello,1958–1962; 1965
Stephen Curry^,2014–2019
Adrian Dantley*,1980–1982; 1984–1986
Walter Davis,1978–1981; 1984; 1987
Joe Dumars*,1990–1993; 1995; 1997
Pau Gasol†,2006; 2009–2011; 2015–2016
Paul George^,2013–2014; 2016–2019
Artis Gilmore*,1978–1979; 1981–1983; 1986
Blake Griffin^,2011–2015; 2019
Richie Guerin*,1958–1963
Tom Heinsohn*,1957; 1961–1965
Bailey Howell*,1961–1964; 1966–1967
Lou Hudson,1969–1974
Kyrie Irving^,2013–2015; 2017–2019
Neil Johnston*,1953–1958
Shawn Kemp,1993–1998
Kyle Lowry^,2015–2020
Vern Mikkelsen*,1951–1953; 1955–1957
Jermaine O'Neal,2002–2007
Tony Parker,2006–2007; 2009; 2012–2014
Mitch Richmond*,1993–1998
Amar'e Stoudemire†,2005; 2007–2011
Jack Twyman*,1957–1960; 1962–1963
George Yardley*,1955–1960
Chauncey Billups,2006–2010
Carl Braun*,1953–1957
Jimmy Butler^,2015–2018; 2020
Brad Daugherty,1988–1989; 1991–1993
Wayne Embry*,1961–1965
Tom Gola*,1960–1964
Gail Goodrich*,1969; 1972–1975
Cliff Hagan*,1958–1962
Tim Hardaway,1991–1993; 1997–1998
Al Horford^,2010–2011; 2015–2016; 2018
Dennis Johnson*,1979–1982; 1985
Gus Johnson*,1965; 1968–1971
Marques Johnson,1979–1981; 1983; 1986
Sam Jones*,1962; 1964–1966; 1968
Rudy LaRusso,1962–1963; 1966; 1968–1969
Damian Lillard^,2014–2015; 2018–2020
Kevin Love^,2011–2012; 2014; 2017–2018
Pete Maravich*,1973–1974; 1977–1979
Bob McAdoo*,1974–1978
Reggie Miller*,1990; 1995–1996; 1998; 2000
Sidney Moncrief*,1982–1986
Chris Mullin*,1989–1993
Don Ohl,1963–1967
Andy Phillip*,1951–1955
Gene Shue,1958–1962
Klay Thompson^,2015–2019
Rudy Tomjanovich,1974–1977; 1979
Wes Unseld*,1969; 1971–1973; 1975
John Wall^,2014–2018
Bobby Wanzer*,1952–1956
Chris Webber,1997; 2000–2003
Paul Westphal*,1977–1981
Giannis Antetokounmpo^,2017–2020
Vin Baker,1995–1998
Walt Bellamy*,1962–1965
Otis Birdsong,1979–1981; 1984
Rolando Blackman,1985–1987; 1990
Tom Chambers,1987; 1989–1991
Maurice Cheeks*,1983; 1986–1988
Doug Collins,1976–1979
DeMarcus Cousins^,2015–2018
Billy Cunningham*,1969–1972
Bob Dandridge,1973; 1975–1976; 1979
Bob Davies*,1951–1954
DeMar DeRozan^,2014; 2016–2018
Dick Garmaker,1957–1960
Johnny Green,1962–1963; 1965; 1971
Penny Hardaway,1995–1998
Connie Hawkins*,1970–1973
Spencer Haywood*,1972–1975
Mel Hutchins,1953–1954; 1956–1957
Bobby Jones*,1977–1978; 1981–1982
Bernard King*,1982; 1984–1985; 1991
Bill Laimbeer,1983–1985; 1987
Kawhi Leonard^,2016–2017; 2019–2020
Clyde Lovellette*,1956–1957; 1960–1961
Maurice Lucas,1977–1979; 1983
Shawn Marion†,2003; 2005–2007
George Mikan*,1951–1954
Paul Millsap^,2014–2017
Earl Monroe*,1969; 1971; 1975; 1977
Willie Naulls,1958; 1960–1962
Jim Pollard*,1951–1952; 1954–1955
Mark Price,1989; 1992–1994
Micheal Ray Richardson,1980–1982; 1985
Arnie Risen*,1952–1955
Alvin Robertson,1986–1988; 1991
Guy Rodgers*,1963–1964; 1966–1967
Rajon Rondo^,2010–2013
Ralph Sampson*,1984–1987
Latrell Sprewell,1994–1995; 1997; 2001
David Thompson*,1977–1979; 1983
Kemba Walker^,2017–2020
Ben Wallace,2003–2006
Rasheed Wallace,2000–2001; 2006; 2008
Sidney Wicks,1972–1975
Mark Aguirre,1984; 1987–1988
Gilbert Arenas,2005–2007
Bill Bridges,1967–1968; 1970
Phil Chenier,1974–1975; 1977
Terry Dischinger,1963–1965
Joel Embiid^,2018–2020
Steve Francis,2002–2004
Marc Gasol^,2012; 2015; 2017
Draymond Green^,2016–2018
Richard Hamilton,2006–2008
Kevin Johnson,1990–1991; 1994
Eddie Jones,1997–1998; 2000
Bob Kauffman,1971–1973
Johnny Kerr,1956; 1959; 1963
Bob Love,1971–1973
Dan Majerle,1992–1993; 1995
George McGinnis*,1976–1977; 1979
Jeff Mullins,1969–1971
Larry Nance,1985; 1989; 1993
Glen Rice,1996–1998
Derrick Rose^,2010–2012
Dan Roundfield,1980–1982
Brandon Roy,2008–2010
Detlef Schrempf,1993; 1995; 1997
Charlie Scott*,1973–1975
Paul Seymour,1953–1955
Peja Stojaković,2002–2004
Maurice Stokes*,1956–1958
Dick Van Arsdale,1969–1971
Tom Van Arsdale,1970–1972
Norm Van Lier,1974; 1976–1977
Antoine Walker,1998; 2002–2003
Jamaal Wilkes*,1976; 1981; 1983
Buck Williams,1982–1983; 1986
Deron Williams†,2010–2012
Leo Barnhorst,1952–1953
Bradley Beal^,2018–2019
Zelmo Beaty*,1966; 1968
Carlos Boozer†,2007–2008
Elton Brand†,2002; 2006
Terrell Brandon,1996–1997
Frank Brian,1951–1952
Caron Butler†,2007–2008
Joe Caldwell,1969–1970
Archie Clark,1968; 1972
Terry Cummings,1985; 1989
Baron Davis,2002; 2004
Luol Deng†,2012–2013
John Drew,1976; 1980
Andre Drummond^,2016; 2018
Kevin Duckworth,1989; 1991
Walter Dukes,1960–1961
Dwight Eddleman,1951–1952
Sean Elliott,1993; 1996
Michael Finley,2000–2001
Joe Fulks*,1951–1952
Jack George,1956–1957
Manu Ginóbili†,2005; 2011
Roy Hibbert†,2012; 2014
Allan Houston,2000–2001
Rod Hundley,1960–1961
Žydrūnas Ilgauskas,2003; 2005
Antawn Jamison,2005; 2008
Eddie Johnson,1980–1981
John Johnson,1971–1972
Larry Johnson,1993; 1995
Nikola Jokić^,2019–2020
Larry Kenon,1978–1979
Don Kojis,1968–1969
David Lee†,2010; 2013
Fat Lever,1988; 1990
Rashard Lewis,2005; 2009
Jeff Malone,1986–1987
Danny Manning,1993–1994
Stephon Marbury,2001; 2003
Jack Marin,1972–1973
Khris Middleton^,2019–2020
Brad Miller,2003–2004
Norm Nixon,1982; 1985
Joakim Noah^,2013–2014
Victor Oladipo^,2018–2019
Jim Paxson,1983–1984
Geoff Petrie,1971; 1974
Terry Porter,1991; 1993
Zach Randolph†,2010; 2013
Glenn Robinson,2000–2001
Truck Robinson,1978; 1981
Red Rocha,1951–1952
Dennis Rodman*,1990; 1992
Jeff Ruland,1984–1985
Fred Scolari,1952–1953
Ken Sears,1958–1959
Frank Selvy,1955; 1962
Paul Silas,1972; 1975
Ben Simmons^,2019–2020
Jerry Sloan,1967; 1969
Phil Smith,1976–1977
Randy Smith,1976; 1978
Jerry Stackhouse,2000–2001
Reggie Theus,1981; 1983
Isaiah Thomas^,2016–2017
Andrew Toney,1983–1984
Karl-Anthony Towns^,2018–2019
Kelly Tripucka,1982; 1984
Kiki Vandeweghe,1983–1984
Jimmy Walker,1970; 1972
Bill Walton*,1977–1978
Scott Wedman,1976; 1980
David West†,2008–2009
Gus Williams,1982–1983
Brian Winters,1976; 1978
Shareef Abdur-Rahim,2002
Alvan Adams,1976
Michael Adams,1992
Bam Adebayo^,2020
Danny Ainge,1988
Kenny Anderson,1994
B. J. Armstrong,1994
Don Barksdale*,1953
Dick Barnett,1968
Dana Barros,1995
Butch Beard,1972
Ralph Beard,1951
Mookie Blaylock,1994
John Block,1973
Bob Boozer,1968
Vince Boryla,1951
Bill Bradley*,1973
Fred Brown,1976
Don Buse,1977
Andrew Bynum,2012
Austin Carr,1974
Joe Barry Carroll,1987
Bill Cartwright,1980
Sam Cassell,2004
Cedric Ceballos,1995
Tyson Chandler^,2013
Len Chappell,1964
Nathaniel Clifton*,1957
Derrick Coleman,1994
Jack Coleman,1955
Antonio Davis,2001
Dale Davis,2000
Vlade Divac*,2001
James Donaldson,1988
Luka Dončić^,2020
Goran Dragić^,2018
Mark Eaton,1989
Dale Ellis,1989
Ray Felix,1954
Sleepy Floyd,1987
World B. Free,1980
Billy Gabor,1953
Chris Gatling,1997
Rudy Gobert^,2020
Danny Granger†,2009
Horace Grant,1994
A. C. Green,1990
Rickey Green,1984
Alex Groza,1951
Tom Gugliotta,1997
Devin Harris^,2009
Bob Harrison,1956
Hersey Hawkins,1991
Gordon Hayward^,2017
Walt Hazzard,1968
Tyrone Hill,1995
Jrue Holiday^,2013
Lionel Hollins,1978
Jeff Hornacek,1992
Josh Howard,2007
Juwan Howard,1996
Andre Iguodala^,2012
Darrall Imhoff,1967
Brandon Ingram^,2020
Dan Issel*,1977
Lucious Jackson,1965
Mark Jackson,1989
Steve Johnson,1988
DeAndre Jordan^,2017
Chris Kaman†,2010
Jim King,1968
Andrei Kirilenko†,2004
Billy Knight,1977
Kyle Korver^,2015
Sam Lacey,1975
Christian Laettner,1997
Clyde Lee,1968
Reggie Lewis,1992
Brook Lopez^,2013
Jamaal Magloire,2004
Kenyon Martin†,2004
Jamal Mashburn,2003
Anthony Mason,2001
Xavier McDaniel,1988
Antonio McDyess,2001
Jon McGlocklin,1969
Tom Meschery,1963
Eddie Miles,1966
Donovan Mitchell^,2020
Mike Mitchell,1981
Steve Mix,1975
Jack Molinas,1954
Calvin Murphy*,1979
Calvin Natt,1985
Jameer Nelson†,2009
Chuck Noble,1960
Charles Oakley,1994
Mehmet Okur,2007
Ricky Pierce,1991
Kristaps Porziņģis^,2018
Jim Price,1975
Theo Ratliff,2001
Michael Redd,2004
Richie Regan,1957
Doc Rivers,1988
Clifford Robinson,1994
Flynn Robinson,1970
Curtis Rowe,1976
Bob Rule,1970
Campy Russell,1979
Cazzie Russell,1972
D'Angelo Russell^,2019
Domantas Sabonis^,2020
Woody Sauldsberry,1959
Fred Schaus,1951
Lee Shaffer,1963
Lonnie Shelton,1982
Pascal Siakam^,2020
Adrian Smith,1966
Steve Smith,1998
Rik Smits,1998
John Starks,1994
Don Sunderlage,1954
Wally Szczerbiak,2002
Jayson Tatum^,2020
Jeff Teague^,2015
Otis Thorpe,1992
Nick Van Exel,1998
Nikola Vučević^,2019
Gerald Wallace†,2010
Paul Walther,1952
Kermit Washington,1980
Jayson Williams,1998
Mo Williams†,2009
Kevin Willis,1992
Metta World Peace†[d],2004
Trae Young^,2020
Max Zaslofsky,1952
